{
  "target_col": "Class",
  "splits": {
    "train_rows": 483,
    "val_rows": 103,
    "test_rows": 104
  },
  "val": {
    "accuracy": 0.8446601941747572,
    "precision": 0.8,
    "recall": 0.8695652173913043,
    "f1": 0.8333333333333334,
    "roc_auc": 0.9511823035850495,
    "confusion_matrix": [
      [
        47,
        10
      ],
      [
        6,
        40
      ]
    ]
  },
  "test": {
    "accuracy": 0.8557692307692307,
    "precision": 0.8163265306122449,
    "recall": 0.8695652173913043,
    "f1": 0.8421052631578947,
    "roc_auc": 0.9381559220389805,
    "confusion_matrix": [
      [
        49,
        9
      ],
      [
        6,
        40
      ]
    ]
  }
}