{
  "target_col": "loan_status",
  "splits": {
    "train_rows": 22806,
    "val_rows": 4887,
    "test_rows": 4888
  },
  "val": {
    "accuracy": 0.935134029056681,
    "precision": 0.9698870765370138,
    "recall": 0.725140712945591,
    "f1": 0.8298443370907139,
    "roc_auc": 0.9500987678932413,
    "confusion_matrix": [
      [
        3797,
        24
      ],
      [
        293,
        773
      ]
    ]
  },
  "test": {
    "accuracy": 0.9386252045826514,
    "precision": 0.9740420271940667,
    "recall": 0.7385192127460168,
    "f1": 0.8400852878464818,
    "roc_auc": 0.9504342278539134,
    "confusion_matrix": [
      [
        3800,
        21
      ],
      [
        279,
        788
      ]
    ]
  }
}